name,roi,coverage,num_frames,avg_frame_time,std_frame_time,min_frame_time,max_frame_time,avg_fps,min_fps,max_fps,avg_detections,std_detections,total_detections,image_size
ROI 25%,"{'x': 964, 'y': 380, 'width': 760, 'height': 760}",0.25,50,0.011854557991027833,0.003482844444902517,0.008136749267578125,0.031818389892578125,84.35573901252613,31.4283659033689,122.89920300046883,4.5,0.5,225,320
ROI 25%,"{'x': 964, 'y': 380, 'width': 760, 'height': 760}",0.25,50,0.013176193237304687,0.002319634251797062,0.008942127227783203,0.0185546875,75.89445464178387,53.89473684210526,111.83021383245348,5.0,0.0,250,640
ROI 25%,"{'x': 964, 'y': 380, 'width': 760, 'height': 760}",0.25,50,0.016823010444641115,0.0024684622800147786,0.01289224624633789,0.021104097366333008,59.44239310144071,47.3841634940181,77.56600214520842,5.0,0.0,250,1280
