name,roi,coverage,num_frames,avg_frame_time,std_frame_time,min_frame_time,max_frame_time,avg_fps,min_fps,max_fps,avg_detections,std_detections,total_detections
Full Frame (100%),,1.0,100,0.022264528274536132,0.002481454569584291,0.018302440643310547,0.0328068733215332,44.91449302987015,30.481417421258413,54.63752181955553,23.49,0.8543418519538886,2349
ROI 75%,"{'x': 469, 'y': 0, 'width': 1750, 'height': 1520}",0.75,100,0.0185946249961853,0.0031498595000034766,0.014221668243408203,0.03333473205566406,53.7789818404593,29.99874120272358,70.31523889354568,15.5,0.8888194417315589,1550
ROI 50%,"{'x': 629, 'y': 45, 'width': 1429, 'height': 1429}",0.5,100,0.01652688503265381,0.0032104891034680154,0.012336492538452148,0.026149988174438477,60.50746998143937,38.24093507535489,81.06031733761088,11.0,0.37416573867739417,1100
ROI 25%,"{'x': 839, 'y': 255, 'width': 1010, 'height': 1010}",0.25,100,0.01487865686416626,0.0038326150987199473,0.011088371276855469,0.027393102645874023,67.2103677858449,36.50553984072414,90.18457039649093,8.79,0.4958830507286975,879
ROI 10%,"{'x': 1024, 'y': 440, 'width': 639, 'height': 639}",0.1,100,0.012590625286102296,0.003067234803160754,0.008390665054321289,0.023002147674560547,79.42417292839409,43.47420137233359,119.18006421731594,4.18,0.38418745424597084,418
ROI 5%,"{'x': 1118, 'y': 534, 'width': 451, 'height': 451}",0.05,100,0.01160301923751831,0.002378889246960147,0.008172750473022461,0.01765727996826172,86.18446453717017,56.633864434242504,122.35782840806324,3.92,0.2712931993250107,392
ROI 1%,"{'x': 1243, 'y': 659, 'width': 202, 'height': 202}",0.01,100,0.010170187950134277,0.0024175522952604774,0.006953001022338867,0.018191814422607422,98.3265997544123,54.96977798747084,143.82278915063608,1.95,0.21794494717703375,195
