{"center_x": 692, "center_y": 690, "outer_radius": 43.52610922848042, "inner_radius": 33.52610922848042}