{"center_x": 792, "center_y": 811, "outer_radius": 76.07843468578486, "inner_radius": 49.45395498999122}