{"center_x": 839, "center_y": 679, "outer_radius": 66.76545424771643, "inner_radius": 56.765454247716434}