{
    "scale": 0.5821631646575246,
    "rotation": 0.03911048105562257,
    "offset_x": 326.01671184000566,
    "offset_y": 165.4421505232982,
    "camera_resolution": {
        "width": 2688,
        "height": 1520
    },
    "projector_resolution": {
        "width": 1707,
        "height": 1067
    },
    "fov_corners": [
        [
            351,
            152
        ],
        [
            1914,
            213
        ],
        [
            1880,
            1098
        ],
        [
            316,
            1036
        ]
    ],
    "calibration_time": "2025-07-21T10:33:16.230069"
}