{
    "scale": 0.4149969094373019,
    "rotation": 0.04982023601019403,
    "offset_x": 348.2829916646918,
    "offset_y": 273.8239930070059,
    "camera_resolution": {
        "width": 2688,
        "height": 1520
    },
    "projector_resolution": {
        "width": 1920,
        "height": 1080
    },
    "fov_corners": [
        [
            375,
            254
        ],
        [
            1489,
            310
        ],
        [
            1458,
            940
        ],
        [
            344,
            884
        ]
    ],
    "calibration_time": "2025-10-04T18:03:07.589219"
}