{
    "scale": 0.715015043308616,
    "rotation": 0.4469427191119947,
    "offset_x": 507.2666603854873,
    "offset_y": 561.8999905782309,
    "camera_resolution": {
        "width": 640,
        "height": 480
    },
    "projector_resolution": {
        "width": 1707,
        "height": 1067
    },
    "fov_corners": [
        [
            625,
            516
        ],
        [
            1038,
            714
        ],
        [
            890,
            1023
        ],
        [
            477,
            826
        ]
    ],
    "calibration_time": "2025-02-21T17:09:44.315438"
}