{
    "scale": 0.9090231326448118,
    "rotation": 0.07469072882179911,
    "offset_x": 116.04100474988888,
    "offset_y": 324.5809016267634,
    "camera_resolution": {
        "width": 1280,
        "height": 720
    },
    "projector_resolution": {
        "width": 1707,
        "height": 1067
    },
    "fov_corners": [
        [
            153,
            284
        ],
        [
            1313,
            371
        ],
        [
            1264,
            1024
        ],
        [
            104,
            937
        ]
    ],
    "calibration_time": "2025-03-13T10:23:48.065195"
}