{
    "scale": 0.5880304539282455,
    "rotation": 0.08787880577324217,
    "offset_x": 356.10795077981464,
    "offset_y": 158.45877476428416,
    "camera_resolution": {
        "width": 2688,
        "height": 1520
    },
    "projector_resolution": {
        "width": 1707,
        "height": 1067
    },
    "fov_corners": [
        [
            413,
            133
        ],
        [
            1988,
            272
        ],
        [
            1909,
            1162
        ],
        [
            335,
            1024
        ]
    ],
    "calibration_time": "2025-08-29T16:46:26.927998"
}