{
    "scale": 0.5475548647744991,
    "rotation": 0.11877978621987097,
    "offset_x": 422.88564004012244,
    "offset_y": 169.21679577977704,
    "camera_resolution": {
        "width": 2688,
        "height": 1520
    },
    "projector_resolution": {
        "width": 1707,
        "height": 1067
    },
    "fov_corners": [
        [
            499,
            144
        ],
        [
            1960,
            319
        ],
        [
            1862,
            1145
        ],
        [
            400,
            971
        ]
    ],
    "calibration_time": "2025-08-29T16:56:46.945259"
}