{
    "scale": 0.5718980637002686,
    "rotation": 0.05123716740341881,
    "offset_x": 332.0115307990431,
    "offset_y": 178.9187028215083,
    "camera_resolution": {
        "width": 2688,
        "height": 1520
    },
    "projector_resolution": {
        "width": 1707,
        "height": 1067
    },
    "fov_corners": [
        [
            364,
            162
        ],
        [
            1899,
            241
        ],
        [
            1854,
            1109
        ],
        [
            319,
            1030
        ]
    ],
    "calibration_time": "2025-07-30T18:04:26.414478"
}