{
    "scale": 0.47017254434535416,
    "rotation": -0.0035087575305385813,
    "offset_x": 139.87692287754874,
    "offset_y": 303.02762062696064,
    "camera_resolution": {
        "width": 2688,
        "height": 1520
    },
    "projector_resolution": {
        "width": 1707,
        "height": 1067
    },
    "fov_corners": [
        [
            138,
            304
        ],
        [
            1401,
            300
        ],
        [
            1404,
            1015
        ],
        [
            140,
            1019
        ]
    ],
    "calibration_time": "2025-03-31T16:17:02.846006"
}