{
    "scale": 0.5857185756869111,
    "rotation": 0.027336938257824413,
    "offset_x": 147.2955856181685,
    "offset_y": 188.55259119618734,
    "camera_resolution": {
        "width": 2688,
        "height": 1520
    },
    "projector_resolution": {
        "width": 1920,
        "height": 1080
    },
    "fov_corners": [
        [
            164,
            172
        ],
        [
            1738,
            215
        ],
        [
            1713,
            1105
        ],
        [
            140,
            1062
        ]
    ],
    "calibration_time": "2025-09-26T11:16:17.361145"
}