{
    "scale": 0.6089902578617511,
    "rotation": -0.01817981507297828,
    "offset_x": 143.48635875461753,
    "offset_y": 83.21846649671897,
    "camera_resolution": {
        "width": 2688,
        "height": 1520
    },
    "projector_resolution": {
        "width": 1707,
        "height": 1067
    },
    "fov_corners": [
        [
            130,
            92
        ],
        [
            1767,
            63
        ],
        [
            1784,
            988
        ],
        [
            147,
            1018
        ]
    ],
    "calibration_time": "2025-06-06T13:48:47.784164"
}