{
    "scale": 0.5952675451341939,
    "rotation": -0.03110107944198155,
    "offset_x": -54.86899715750883,
    "offset_y": 93.41742392571189,
    "camera_resolution": {
        "width": 2688,
        "height": 1520
    },
    "projector_resolution": {
        "width": 1707,
        "height": 1067
    },
    "fov_corners": [
        [
            -76,
            116
        ],
        [
            1522,
            66
        ],
        [
            1550,
            970
        ],
        [
            -48,
            1020
        ]
    ],
    "calibration_time": "2025-04-17T16:18:31.738548"
}