{
    "scale": 0.5926361479963742,
    "rotation": -0.03096355218298102,
    "offset_x": -128.72507446313784,
    "offset_y": 195.51112904369836,
    "camera_resolution": {
        "width": 2688,
        "height": 1520
    },
    "projector_resolution": {
        "width": 1707,
        "height": 1067
    },
    "fov_corners": [
        [
            -147,
            220
        ],
        [
            1445,
            171
        ],
        [
            1473,
            1071
        ],
        [
            -119,
            1120
        ]
    ],
    "calibration_time": "2025-04-17T16:17:03.957855"
}