{
    "scale": 0.7013304150438495,
    "rotation": -0.026172033101238175,
    "offset_x": 395.2864597930741,
    "offset_y": 635.1873524646953,
    "camera_resolution": {
        "width": 1024,
        "height": 576
    },
    "projector_resolution": {
        "width": 1707,
        "height": 1067
    },
    "fov_corners": [
        [
            391,
            642
        ],
        [
            1108,
            623
        ],
        [
            1119,
            1027
        ],
        [
            401,
            1046
        ]
    ],
    "calibration_time": "2025-03-11T16:51:59.252254"
}