{
    "scale": 0.5979224026592347,
    "rotation": -0.031239833430268277,
    "offset_x": -137.0097867713522,
    "offset_y": 189.52122688492136,
    "camera_resolution": {
        "width": 2688,
        "height": 1520
    },
    "projector_resolution": {
        "width": 1707,
        "height": 1067
    },
    "fov_corners": [
        [
            -155,
            214
        ],
        [
            1450,
            164
        ],
        [
            1479,
            1073
        ],
        [
            -127,
            1123
        ]
    ],
    "calibration_time": "2025-04-17T16:15:29.953302"
}