{
    "scale": 0.5843303408872103,
    "rotation": 0.07408292254903373,
    "offset_x": 138.20613309109092,
    "offset_y": 185.3508655915722,
    "camera_resolution": {
        "width": 2688,
        "height": 1520
    },
    "projector_resolution": {
        "width": 1920,
        "height": 1080
    },
    "fov_corners": [
        [
            186,
            141
        ],
        [
            1752,
            258
        ],
        [
            1686,
            1143
        ],
        [
            120,
            1027
        ]
    ],
    "calibration_time": "2025-09-01T15:00:52.633365"
}