{
    "scale": 0.4732589725856687,
    "rotation": -0.03179140535447648,
    "offset_x": 37.51208440623202,
    "offset_y": 357.0296016598141,
    "camera_resolution": {
        "width": 2688,
        "height": 1520
    },
    "projector_resolution": {
        "width": 1707,
        "height": 1067
    },
    "fov_corners": [
        [
            23,
            377
        ],
        [
            1295,
            336
        ],
        [
            1318,
            1055
        ],
        [
            46,
            1096
        ]
    ],
    "calibration_time": "2025-04-15T16:21:27.933056"
}