{
    "scale": 0.5926361479963742,
    "rotation": -0.03096355218298102,
    "offset_x": -105.61226469127917,
    "offset_y": 138.61805883604643,
    "camera_resolution": {
        "width": 2688,
        "height": 1520
    },
    "projector_resolution": {
        "width": 1707,
        "height": 1067
    },
    "fov_corners": [
        [
            -125,
            162
        ],
        [
            1466,
            113
        ],
        [
            1494,
            1013
        ],
        [
            -97,
            1063
        ]
    ],
    "calibration_time": "2025-04-18T15:40:27.925638"
}