{
    "scale": 0.6870349585374219,
    "rotation": -0.02050994413944655,
    "offset_x": 420.72851980214034,
    "offset_y": 628.9282953241819,
    "camera_resolution": {
        "width": 640,
        "height": 480
    },
    "projector_resolution": {
        "width": 1707,
        "height": 1067
    },
    "fov_corners": [
        [
            417,
            633
        ],
        [
            856,
            624
        ],
        [
            863,
            954
        ],
        [
            424,
            963
        ]
    ],
    "calibration_time": "2025-03-11T16:43:10.174501"
}