{
    "scale": 0.5754518924251805,
    "rotation": 0.08599429119424074,
    "offset_x": 331.6624505009701,
    "offset_y": 158.94659183834892,
    "camera_resolution": {
        "width": 2688,
        "height": 1520
    },
    "projector_resolution": {
        "width": 1707,
        "height": 1067
    },
    "fov_corners": [
        [
            387,
            132
        ],
        [
            1929,
            265
        ],
        [
            1853,
            1136
        ],
        [
            312,
            1004
        ]
    ],
    "calibration_time": "2025-07-21T10:33:18.562770"
}