{
    "scale": 0.5752344595881321,
    "rotation": 0.0902712358406013,
    "offset_x": 362.27620533746625,
    "offset_y": 176.44584580646472,
    "camera_resolution": {
        "width": 2688,
        "height": 1520
    },
    "projector_resolution": {
        "width": 1707,
        "height": 1067
    },
    "fov_corners": [
        [
            419,
            151
        ],
        [
            1959,
            290
        ],
        [
            1880,
            1161
        ],
        [
            340,
            1022
        ]
    ],
    "calibration_time": "2025-08-13T16:31:23.104254"
}