{
    "scale": 0.4130664313716922,
    "rotation": 0.027541243723916607,
    "offset_x": 347.6732958439718,
    "offset_y": 307.7112194520223,
    "camera_resolution": {
        "width": 2688,
        "height": 1520
    },
    "projector_resolution": {
        "width": 1920,
        "height": 1080
    },
    "fov_corners": [
        [
            361,
            296
        ],
        [
            1471,
            327
        ],
        [
            1454,
            955
        ],
        [
            344,
            924
        ]
    ],
    "calibration_time": "2025-10-04T18:48:04.048265"
}