{
    "scale": 0.7127558743940569,
    "rotation": 0.005319098771515768,
    "offset_x": 507.7681958845194,
    "offset_y": 593.3007964257235,
    "camera_resolution": {
        "width": 640,
        "height": 480
    },
    "projector_resolution": {
        "width": 1707,
        "height": 1067
    },
    "fov_corners": [
        [
            508,
            592
        ],
        [
            965,
            594
        ],
        [
            963,
            937
        ],
        [
            507,
            934
        ]
    ],
    "calibration_time": "2025-02-25T15:35:33.932445"
}