{
    "scale": 0.4684856508637929,
    "rotation": -0.11915122538676552,
    "offset_x": 457.99237101647594,
    "offset_y": 616.3536248613932,
    "camera_resolution": {
        "width": 1280,
        "height": 720
    },
    "projector_resolution": {
        "width": 1707,
        "height": 1067
    },
    "fov_corners": [
        [
            437,
            642
        ],
        [
            1033,
            571
        ],
        [
            1073,
            906
        ],
        [
            477,
            977
        ]
    ],
    "calibration_time": "2025-03-27T15:07:58.815430"
}