{
    "scale": 0.4132168687061018,
    "rotation": 0.0055095861237820275,
    "offset_x": 358.2704084666155,
    "offset_y": 318.68514310844495,
    "camera_resolution": {
        "width": 2688,
        "height": 1520
    },
    "projector_resolution": {
        "width": 1920,
        "height": 1080
    },
    "fov_corners": [
        [
            360,
            316
        ],
        [
            1471,
            322
        ],
        [
            1468,
            950
        ],
        [
            357,
            944
        ]
    ],
    "calibration_time": "2025-10-17T15:36:01.704567"
}