{
    "scale": 0.5795437936625241,
    "rotation": 0.04326303140726714,
    "offset_x": 371.01220902577523,
    "offset_y": 194.3767356226624,
    "camera_resolution": {
        "width": 2688,
        "height": 1520
    },
    "projector_resolution": {
        "width": 1707,
        "height": 1067
    },
    "fov_corners": [
        [
            397,
            182
        ],
        [
            1953,
            249
        ],
        [
            1915,
            1129
        ],
        [
            359,
            1062
        ]
    ],
    "calibration_time": "2025-08-14T15:36:27.443309"
}