{
    "scale": 0.6801241881669814,
    "rotation": -0.015227249377117303,
    "offset_x": 389.1894554160386,
    "offset_y": 644.9316850979283,
    "camera_resolution": {
        "width": 1024,
        "height": 576
    },
    "projector_resolution": {
        "width": 1707,
        "height": 1067
    },
    "fov_corners": [
        [
            386,
            649
        ],
        [
            1083,
            638
        ],
        [
            1089,
            1030
        ],
        [
            392,
            1040
        ]
    ],
    "calibration_time": "2025-03-11T17:06:49.000763"
}