{
    "scale": 0.4636428402847394,
    "rotation": -0.010380249998740336,
    "offset_x": 456.8970790315825,
    "offset_y": 606.1972927609789,
    "camera_resolution": {
        "width": 1280,
        "height": 720
    },
    "projector_resolution": {
        "width": 1707,
        "height": 1067
    },
    "fov_corners": [
        [
            454,
            608
        ],
        [
            1048,
            602
        ],
        [
            1051,
            936
        ],
        [
            458,
            942
        ]
    ],
    "calibration_time": "2025-03-27T15:47:20.255186"
}