{
    "scale": 0.6870349585374219,
    "rotation": -0.02050994413944655,
    "offset_x": 420.0414848436029,
    "offset_y": 635.7986449095562,
    "camera_resolution": {
        "width": 1024,
        "height": 576
    },
    "projector_resolution": {
        "width": 1707,
        "height": 1067
    },
    "fov_corners": [
        [
            416,
            640
        ],
        [
            1120,
            626
        ],
        [
            1128,
            1022
        ],
        [
            424,
            1036
        ]
    ],
    "calibration_time": "2025-03-11T16:51:29.375870"
}