{
    "scale": 0.739925063511684,
    "rotation": -0.03313703708709199,
    "offset_x": 304.91656900629823,
    "offset_y": 445.5758945779034,
    "camera_resolution": {
        "width": 1280,
        "height": 720
    },
    "projector_resolution": {
        "width": 1707,
        "height": 1067
    },
    "fov_corners": [
        [
            293,
            457
        ],
        [
            1239,
            426
        ],
        [
            1257,
            958
        ],
        [
            311,
            990
        ]
    ],
    "calibration_time": "2025-03-13T10:24:29.473896"
}