{
    "scale": 0.5737561125024918,
    "rotation": 0.06856189511307247,
    "offset_x": 325.1888691735199,
    "offset_y": 165.42573957224408,
    "camera_resolution": {
        "width": 2688,
        "height": 1520
    },
    "projector_resolution": {
        "width": 1707,
        "height": 1067
    },
    "fov_corners": [
        [
            369,
            143
        ],
        [
            1908,
            249
        ],
        [
            1848,
            1119
        ],
        [
            309,
            1013
        ]
    ],
    "calibration_time": "2025-07-21T10:34:17.279793"
}