{
    "scale": 0.6809403743464669,
    "rotation": -0.4522844617365154,
    "offset_x": 499.8505486594621,
    "offset_y": 661.7691040076672,
    "camera_resolution": {
        "width": 640,
        "height": 480
    },
    "projector_resolution": {
        "width": 1707,
        "height": 1067
    },
    "fov_corners": [
        [
            456,
            748
        ],
        [
            848,
            557
        ],
        [
            990,
            851
        ],
        [
            598,
            1042
        ]
    ],
    "calibration_time": "2025-02-21T17:10:46.451229"
}