{
    "scale": 0.7127659574468085,
    "rotation": 0.0,
    "offset_x": 503.48936170212767,
    "offset_y": 593.2978723404256,
    "camera_resolution": {
        "width": 640,
        "height": 480
    },
    "projector_resolution": {
        "width": 1707,
        "height": 1067
    },
    "fov_corners": [
        [
            503,
            593
        ],
        [
            959,
            593
        ],
        [
            959,
            935
        ],
        [
            503,
            935
        ]
    ],
    "calibration_time": "2025-02-20T15:52:08.686029"
}