{
    "scale": 0.5573809867333592,
    "rotation": 0.10836048658117757,
    "offset_x": 412.9490320230549,
    "offset_y": 192.45472446063843,
    "camera_resolution": {
        "width": 2688,
        "height": 1520
    },
    "projector_resolution": {
        "width": 1707,
        "height": 1067
    },
    "fov_corners": [
        [
            480,
            168
        ],
        [
            1969,
            330
        ],
        [
            1877,
            1172
        ],
        [
            388,
            1010
        ]
    ],
    "calibration_time": "2025-08-12T16:35:14.986836"
}