{
    "scale": 0.7115490059548746,
    "rotation": -0.05844400482748139,
    "offset_x": 521.5555517911605,
    "offset_y": 564.4772790289366,
    "camera_resolution": {
        "width": 640,
        "height": 480
    },
    "projector_resolution": {
        "width": 1707,
        "height": 1067
    },
    "fov_corners": [
        [
            508,
            573
        ],
        [
            962,
            546
        ],
        [
            982,
            887
        ],
        [
            527,
            914
        ]
    ],
    "calibration_time": "2025-03-19T16:31:03.669721"
}