{
    "scale": 0.5720804499299174,
    "rotation": 0.10264230557834338,
    "offset_x": 360.50903973742413,
    "offset_y": 177.57647047624994,
    "camera_resolution": {
        "width": 2688,
        "height": 1520
    },
    "projector_resolution": {
        "width": 1707,
        "height": 1067
    },
    "fov_corners": [
        [
            425,
            149
        ],
        [
            1955,
            307
        ],
        [
            1866,
            1172
        ],
        [
            336,
            1014
        ]
    ],
    "calibration_time": "2025-08-27T10:14:44.878833"
}