{
    "scale": 0.6976801344508236,
    "rotation": -0.026035782182387602,
    "offset_x": 284.3689664553995,
    "offset_y": 276.2537105220969,
    "camera_resolution": {
        "width": 1280,
        "height": 720
    },
    "projector_resolution": {
        "width": 1707,
        "height": 1067
    },
    "fov_corners": [
        [
            277,
            286
        ],
        [
            1170,
            263
        ],
        [
            1183,
            765
        ],
        [
            290,
            788
        ]
    ],
    "calibration_time": "2025-03-27T17:14:40.308028"
}