{
    "scale": 0.5809591212297313,
    "rotation": 0.038740297663479355,
    "offset_x": 146.96443216353896,
    "offset_y": 191.27853589033623,
    "camera_resolution": {
        "width": 2688,
        "height": 1520
    },
    "projector_resolution": {
        "width": 1920,
        "height": 1080
    },
    "fov_corners": [
        [
            171,
            168
        ],
        [
            1731,
            228
        ],
        [
            1697,
            1111
        ],
        [
            137,
            1050
        ]
    ],
    "calibration_time": "2025-10-04T16:51:57.641174"
}