{
    "scale": 0.5701353422408768,
    "rotation": 0.09374154154424845,
    "offset_x": 399.17665983126966,
    "offset_y": 180.26288298416694,
    "camera_resolution": {
        "width": 2688,
        "height": 1520
    },
    "projector_resolution": {
        "width": 1707,
        "height": 1067
    },
    "fov_corners": [
        [
            458,
            158
        ],
        [
            1984,
            301
        ],
        [
            1903,
            1164
        ],
        [
            377,
            1020
        ]
    ],
    "calibration_time": "2025-08-12T14:46:23.691935"
}