{
    "scale": 0.5901022727714822,
    "rotation": -0.02642556525981821,
    "offset_x": -125.32714778655759,
    "offset_y": 197.50557950031668,
    "camera_resolution": {
        "width": 2688,
        "height": 1520
    },
    "projector_resolution": {
        "width": 1707,
        "height": 1067
    },
    "fov_corners": [
        [
            -140,
            218
        ],
        [
            1444,
            176
        ],
        [
            1468,
            1073
        ],
        [
            -117,
            1115
        ]
    ],
    "calibration_time": "2025-04-17T16:16:49.697371"
}