{
    "scale": 0.5902568254818749,
    "rotation": -0.013215089688860083,
    "offset_x": -16.927147082529245,
    "offset_y": 106.4482300587971,
    "camera_resolution": {
        "width": 2688,
        "height": 1520
    },
    "projector_resolution": {
        "width": 1707,
        "height": 1067
    },
    "fov_corners": [
        [
            -26,
            115
        ],
        [
            1560,
            94
        ],
        [
            1572,
            991
        ],
        [
            -14,
            1012
        ]
    ],
    "calibration_time": "2025-04-17T16:19:31.067023"
}