{
    "scale": 0.5405599363177322,
    "rotation": 0.08481627219789932,
    "offset_x": 409.7745901853949,
    "offset_y": 179.97775304356117,
    "camera_resolution": {
        "width": 2688,
        "height": 1520
    },
    "projector_resolution": {
        "width": 1707,
        "height": 1067
    },
    "fov_corners": [
        [
            463,
            160
        ],
        [
            1911,
            283
        ],
        [
            1841,
            1102
        ],
        [
            393,
            979
        ]
    ],
    "calibration_time": "2025-08-29T17:04:50.108164"
}