{
    "scale": 0.5701663079427892,
    "rotation": 0.012765264026655657,
    "offset_x": 382.057178644491,
    "offset_y": 567.372146359342,
    "camera_resolution": {
        "width": 1280,
        "height": 720
    },
    "projector_resolution": {
        "width": 1707,
        "height": 1067
    },
    "fov_corners": [
        [
            385,
            563
        ],
        [
            1114,
            573
        ],
        [
            1109,
            983
        ],
        [
            379,
            974
        ]
    ],
    "calibration_time": "2025-03-13T10:24:46.162513"
}