{
    "scale": 0.47183098591549294,
    "rotation": 0.0,
    "offset_x": 137.54929577464793,
    "offset_y": 582.4859154929577,
    "camera_resolution": {
        "width": 2688,
        "height": 1520
    },
    "projector_resolution": {
        "width": 1707,
        "height": 1067
    },
    "fov_corners": [
        [
            137,
            582
        ],
        [
            1405,
            582
        ],
        [
            1405,
            1299
        ],
        [
            137,
            1299
        ]
    ],
    "calibration_time": "2025-03-31T16:15:44.890524"
}