{
    "scale": 0.6002935991878245,
    "rotation": 0.04481302725973969,
    "offset_x": 388.06406357603726,
    "offset_y": 586.2954786891345,
    "camera_resolution": {
        "width": 1280,
        "height": 720
    },
    "projector_resolution": {
        "width": 1707,
        "height": 1067
    },
    "fov_corners": [
        [
            397,
            574
        ],
        [
            1165,
            608
        ],
        [
            1146,
            1040
        ],
        [
            378,
            1005
        ]
    ],
    "calibration_time": "2025-03-26T11:44:36.581848"
}