{
    "scale": 0.5711443176573969,
    "rotation": 0.072522162031777,
    "offset_x": 332.4517184880802,
    "offset_y": 170.59896194154862,
    "camera_resolution": {
        "width": 2688,
        "height": 1520
    },
    "projector_resolution": {
        "width": 1707,
        "height": 1067
    },
    "fov_corners": [
        [
            378,
            148
        ],
        [
            1910,
            259
        ],
        [
            1847,
            1125
        ],
        [
            316,
            1013
        ]
    ],
    "calibration_time": "2025-07-21T10:33:19.711059"
}