{
    "scale": 0.576980857493052,
    "rotation": 0.10352467451054435,
    "offset_x": 359.62316467118944,
    "offset_y": 172.2448270475595,
    "camera_resolution": {
        "width": 2688,
        "height": 1520
    },
    "projector_resolution": {
        "width": 1707,
        "height": 1067
    },
    "fov_corners": [
        [
            426,
            143
        ],
        [
            1968,
            304
        ],
        [
            1878,
            1176
        ],
        [
            335,
            1016
        ]
    ],
    "calibration_time": "2025-08-15T16:48:30.278200"
}