{
    "scale": 0.6213591035598035,
    "rotation": 0.0580260733925736,
    "offset_x": 85.14575919101026,
    "offset_y": 183.04866450815825,
    "camera_resolution": {
        "width": 2688,
        "height": 1520
    },
    "projector_resolution": {
        "width": 1920,
        "height": 1080
    },
    "fov_corners": [
        [
            122,
            145
        ],
        [
            1790,
            242
        ],
        [
            1735,
            1185
        ],
        [
            67,
            1088
        ]
    ],
    "calibration_time": "2025-09-20T13:24:27.213686"
}