{
    "scale": 0.5443332995002867,
    "rotation": 0.09764763664941192,
    "offset_x": 413.42934903186693,
    "offset_y": 174.56103887417055,
    "camera_resolution": {
        "width": 2688,
        "height": 1520
    },
    "projector_resolution": {
        "width": 1707,
        "height": 1067
    },
    "fov_corners": [
        [
            475,
            152
        ],
        [
            1931,
            295
        ],
        [
            1851,
            1119
        ],
        [
            394,
            976
        ]
    ],
    "calibration_time": "2025-08-29T16:41:50.695063"
}