{
    "scale": 0.7165672944297573,
    "rotation": 0.005347542609150672,
    "offset_x": 506.2054933421641,
    "offset_y": 592.1954846153703,
    "camera_resolution": {
        "width": 640,
        "height": 480
    },
    "projector_resolution": {
        "width": 1707,
        "height": 1067
    },
    "fov_corners": [
        [
            507,
            591
        ],
        [
            965,
            593
        ],
        [
            964,
            937
        ],
        [
            505,
            935
        ]
    ],
    "calibration_time": "2025-02-20T15:54:28.422730"
}