{
    "scale": 0.6119187641199402,
    "rotation": 0.03264146350118918,
    "offset_x": 100.14227250462352,
    "offset_y": 195.02164205946008,
    "camera_resolution": {
        "width": 2688,
        "height": 1520
    },
    "projector_resolution": {
        "width": 1920,
        "height": 1080
    },
    "fov_corners": [
        [
            120,
            174
        ],
        [
            1764,
            227
        ],
        [
            1734,
            1157
        ],
        [
            90,
            1103
        ]
    ],
    "calibration_time": "2025-09-22T16:47:16.577753"
}