{
    "scale": 0.8071703337898158,
    "rotation": 0.012047609854185994,
    "offset_x": -109.690690772013,
    "offset_y": -41.87865814277791,
    "camera_resolution": {
        "width": 2688,
        "height": 1520
    },
    "projector_resolution": {
        "width": 1707,
        "height": 1067
    },
    "fov_corners": [
        [
            -99,
            -51
        ],
        [
            2070,
            -25
        ],
        [
            2055,
            1201
        ],
        [
            -114,
            1175
        ]
    ],
    "calibration_time": "2025-05-16T15:42:36.162015"
}