{
    "scale": 0.40976868837921654,
    "rotation": 0.009174054545109998,
    "offset_x": 256.23131162078346,
    "offset_y": 312.37526082873234,
    "camera_resolution": {
        "width": 2688,
        "height": 1520
    },
    "projector_resolution": {
        "width": 1707,
        "height": 1067
    },
    "fov_corners": [
        [
            260,
            308
        ],
        [
            1362,
            318
        ],
        [
            1356,
            941
        ],
        [
            255,
            931
        ]
    ],
    "calibration_time": "2025-10-17T19:39:54.402704"
}