{
    "scale": 0.470163861912622,
    "rotation": -0.007017428667913972,
    "offset_x": 452.5456066916696,
    "offset_y": 603.471505720524,
    "camera_resolution": {
        "width": 1280,
        "height": 720
    },
    "projector_resolution": {
        "width": 1707,
        "height": 1067
    },
    "fov_corners": [
        [
            451,
            604
        ],
        [
            1052,
            600
        ],
        [
            1055,
            939
        ],
        [
            453,
            943
        ]
    ],
    "calibration_time": "2025-03-27T15:41:50.543320"
}