{
  "video_path": "d:\\Documents\\Recordings\\251020112157.mp4",
  "total_frames": 22615,
  "processed_frames": 782,
  "total_detections": 5406,
  "avg_detections_per_frame": 6.913043478260869,
  "roi": {
    "x": 751,
    "y": 361,
    "width": 1264,
    "height": 800
  },
  "timestamp": "2025-10-21T00:00:18.715849",
  "avg_confidence": 0.7495853312580929,
  "avg_cell_width": 88.64426689416094,
  "avg_cell_height": 87.60929903629486,
  "avg_cell_area": 7911.490951125991,
  "min_cell_size": 42.0,
  "max_cell_size": 165.9000244140625
}